{
  "project_info": {
    "project_number": "989405999252",
    "firebase_url": "https://whatsapp-98e9e.firebaseio.com",
    "project_id": "whatsapp-98e9e",
    "storage_bucket": "whatsapp-98e9e.appspot.com"
  },
  "client": [
    {
      "client_info": {
        "mobilesdk_app_id": "1:989405999252:android:a235524e545050697ac481",
        "android_client_info": {
          "package_name": "com.example.whatsapp"
        }
      },
      "oauth_client": [
        {
          "client_id": "989405999252-2paple9au495b6gda4olq23fp5v7d9fp.apps.googleusercontent.com",
          "client_type": 1,
          "android_info": {
            "package_name": "com.example.whatsapp",
            "certificate_hash": "ae6e70c5ba62eefea5e50f0fc7ca430ced155692"
          }
        },
        {
          "client_id": "989405999252-nenivtf9eg0peuhfjvthir01kkde616s.apps.googleusercontent.com",
          "client_type": 3
        }
      ],
      "api_key": [
        {
          "current_key": "AIzaSyAFT0nT5f5RoPMMvzpDmPMhB0Ajo2Cp2qQ"
        }
      ],
      "services": {
        "appinvite_service": {
          "other_platform_oauth_client": [
            {
              "client_id": "989405999252-nenivtf9eg0peuhfjvthir01kkde616s.apps.googleusercontent.com",
              "client_type": 3
            }
          ]
        }
      }
    }
  ],
  "configuration_version": "1"
}